{"cameraMode":{"drawMode":0,"name":"Shaded","section":"Shading Mode"},"sceneLighting":false,"audioPlay":false,"sceneViewState":{"showFog":true,"showMaterialUpdate":false,"showSkybox":false,"showFlares":true,"showImageEffects":true,"showParticleSystems":true},"in2DMode":false,"pivot":{"x":0.6912632584571838,"y":-9.060096740722657,"z":4.328303337097168},"rotation":{"x":-0.5198714733123779,"y":-0.021778250113129617,"z":0.013259596191346646,"w":-0.8538638949394226},"size":29.35025405883789,"orthographic":false}