{"cameraMode":{"drawMode":0,"name":"Shaded","section":"Shading Mode"},"sceneLighting":false,"audioPlay":false,"sceneViewState":{"showFog":true,"showMaterialUpdate":false,"showSkybox":false,"showFlares":true,"showImageEffects":true,"showParticleSystems":true},"in2DMode":false,"pivot":{"x":8.479999542236329,"y":1.3801056146621705,"z":10.354971885681153},"rotation":{"x":-0.5629010796546936,"y":0.0037193296011537315,"z":-0.0025330702774226667,"w":-0.8265120387077332},"size":17.122211456298829,"orthographic":true}