{"cameraMode":{"drawMode":0,"name":"Shaded","section":"Shading Mode"},"sceneLighting":false,"audioPlay":false,"sceneViewState":{"showFog":true,"showMaterialUpdate":false,"showSkybox":false,"showFlares":true,"showImageEffects":true,"showParticleSystems":true},"in2DMode":false,"pivot":{"x":0.0,"y":0.1114862859249115,"z":3.9634299278259279},"rotation":{"x":-0.5629010796546936,"y":0.0037193296011537315,"z":-0.0025330702774226667,"w":-0.8265120387077332},"size":1.881320834159851,"orthographic":true}